"","logFC","AveExpr","t","P.Value","adj.P.Val","B"
"DUS4L",1.14339042080781,6.05001667637973,16.582792328411,2.15715536469732e-12,1.95301159559509e-08,18.4349678778874
"MYC",2.92570430919085,9.62576212558577,16.2807048844026,2.94978938000329e-12,1.95301159559509e-08,18.1466024144418
"WDR75",1.28011014106081,7.3123401322261,15.5103091726198,6.70918936778663e-12,2.06277493982587e-08,17.383867554077
"CLDN1",2.7354473344971,6.53469246773249,15.5007578884122,6.77939085345842e-12,2.06277493982587e-08,17.3741563332545
"HILPDA",2.37566334216519,7.80972781022774,15.3007050384681,8.44179211229819e-12,2.24752162749799e-08,17.1692738103323
"MTERF3",1.75564105234764,8.8529569531854,14.7040445075329,1.64822550935462e-11,3.16447076800836e-08,16.5409934411575
"TRIM59",1.91812701679181,5.76479086259588,14.6423748811257,1.76857619114229e-11,3.16447076800836e-08,16.4745443380619
"FOXQ1",5.54620887783985,8.67527210280773,14.5655929546962,1.93145781417478e-11,3.16447076800836e-08,16.391406517665
"AXIN2",1.05367869607504,6.65871045791483,13.7388237254125,5.11763940690776e-11,5.45003008638641e-08,15.4668092261931
"ENC1",2.54814159263721,9.0502827774362,13.4550780632473,7.23154338666843e-11,6.40341964628085e-08,15.1365992864213
"DIEXF",1.40916572668316,7.3377358621702,13.3688699402086,8.04217277244585e-11,6.40341964628085e-08,15.0349174361836
"PLEKHA8P1",1.14696330444005,6.65570779445537,13.186730591864,1.00849907999072e-10,7.40690410507666e-08,14.8179675717996
"IRF2BP2",1.08176266556624,9.10824838929975,13.0007867963392,1.27405536350374e-10,8.53706959413074e-08,14.5934753189535
"NOL8",1.10940153917125,7.47143585360236,12.9954859407974,1.28262466318693e-10,8.53706959413074e-08,14.5870303771502
"PPAT",2.18576853068271,7.25670905472051,12.9094389226439,1.43051891638636e-10,9.23291587882214e-08,14.4820584438463
"ASCL2",2.24838751196505,5.77252255830134,12.8151263057994,1.61338025985869e-10,9.57235084638156e-08,14.3662335765101
"RBM12B",1.05922398767272,5.62508107887622,12.4330467308539,2.64619980116766e-10,1.40903523912675e-07,13.8886136529425
"SLC11A2",1.20881106860781,6.67480897787045,12.3686530032073,2.87978500454347e-10,1.43787980724202e-07,13.8067687039508
"FMNL2",1.04114265725767,6.09456292672721,12.3625814999581,2.90289833848569e-10,1.43787980724202e-07,13.7990313895137
"ZC3H8",1.16223948792925,6.54885370785095,12.0255122645401,4.54713409201632e-10,1.97651855154807e-07,13.363895313589
"C19orf48",1.48126792723701,8.59298147490805,11.8319157580107,5.91077099874943e-10,2.42102906735316e-07,13.1089217480659
"FAM60A",2.08685538312759,8.82222545149795,11.7657810853586,6.46980211492917e-10,2.60000594803541e-07,13.0209583489636
"ORC3",1.52796574883661,7.46655242730263,11.7249149347902,6.84272078959245e-10,2.6078370034086e-07,12.966382171772
"AJUBA",1.75774620924536,5.45250704456312,11.7105558446708,6.97904639627636e-10,2.6078370034086e-07,12.9471654661242
"CBX3",1.41793365421494,8.63466055029602,11.6612690809222,7.46904617489214e-10,2.6513869079838e-07,12.8810450796756
"BRIX1",1.49737249061211,7.56836874778785,11.6165921160405,7.94441276376654e-10,2.72713388684528e-07,12.8208938710385
"HAUS3",1.09356383524005,7.63294847574452,11.6101473942146,8.01555990425617e-10,2.72713388684528e-07,12.8122000299933
"NOP58",1.00205812220503,10.9231157842128,11.4633824463071,9.83028146953538e-10,3.05702236359134e-07,12.6130526918901
"CRNDE",2.73399782538143,5.89037834603687,11.4604075182375,9.87123685622991e-10,3.05702236359134e-07,12.6089928034991
"ZNF623",1.44230537861348,6.47822173894005,11.4570609285143,9.91752269051348e-10,3.05702236359134e-07,12.6044246020824
"DPY30",1.10625155195587,9.71087930100124,11.4510344868161,1.00014474438421e-09,3.05702236359134e-07,12.5961953635898
"CDK4",1.6186124132314,9.53668546740145,11.4358790644694,1.02158097580948e-09,3.06459904278395e-07,12.5754835004336
"ZFAS1",1.91695912157897,9.16082136950769,11.3386507343509,1.17106977547175e-09,3.31955031794554e-07,12.4420341784315
"NELFCD",1.80008684690231,9.51145054587633,11.330563459363,1.18449609917771e-09,3.31955031794554e-07,12.4308891789072
"RAE1",1.10336449101856,7.39480395870386,11.2911851097209,1.25221528650249e-09,3.42278463024666e-07,12.3765231685652
"NOLC1",1.22646889135186,8.73354422541678,11.2904750708428,1.25347293844424e-09,3.42278463024666e-07,12.3755413731193
"PRIM1",1.66565810039111,7.76583423249291,11.2567337442985,1.31478946686695e-09,3.50046260684989e-07,12.3288242083054
"LOC105378604",2.37058119780345,6.80280864259684,11.2400288975796,1.34630201664129e-09,3.54010946326455e-07,12.3056502904797
"UTP20",1.2699512972634,7.66929931454312,11.2062613895933,1.41244340939309e-09,3.66873563130043e-07,12.2587149739054
"C10orf2",1.27036465594639,7.79121365258194,11.1526439817632,1.5245508449189e-09,3.86564386261042e-07,12.1839378908755
"IRAK1BP1",1.7285470038522,4.97048658506429,11.0505723519956,1.76451570613145e-09,4.23950982430876e-07,12.0407268821544
"CEMIP",2.1128168218046,6.60672634560533,11.0266083821638,1.82639312335305e-09,4.23950982430876e-07,12.0069404128268
"NUDCD1",2.09979228673016,7.15739872816963,11.0193198201939,1.8456605416836e-09,4.23950982430876e-07,11.9966519508668
"LYAR",1.54997204256511,7.57547111416261,10.9096482634103,2.16274675999175e-09,4.53532707688307e-07,11.8411380915297
"LTV1",1.25002528722884,6.51604754667691,10.9043216456574,2.17953099492531e-09,4.53532707688307e-07,11.8335512832371
"MACC1",1.81180066485606,6.15029820241602,10.9013994335172,2.18879682114188e-09,4.53532707688307e-07,11.8293877874008
"CCNB1IP1",1.83249023142677,8.68534783763425,10.8933494356612,2.21453596880529e-09,4.53532707688307e-07,11.8179134706683
"SOX4",1.36964192101605,7.68287169744862,10.8608153890765,2.32183466198905e-09,4.66535438355706e-07,11.771467022566
"POLR2K",1.06883372203753,8.83418145062547,10.8365350156385,2.40545293915041e-09,4.7642343561303e-07,11.7367272777436
"CDH3",2.7617858275365,7.83199854691045,10.7527085357202,2.71921779162124e-09,4.91833252178314e-07,11.6162859330607
"DDIAS",1.44297853082035,6.85805896392337,10.7176172053988,2.86303121540181e-09,4.99833621777403e-07,11.5656335355665
"HOMER1",1.73901123941036,6.05515487251539,10.7119444775979,2.88701737110034e-09,4.99923438919237e-07,11.5574322807397
"C12orf29",1.58107033879681,7.24340121364489,10.6990572286407,2.94229426444026e-09,5.0013109352728e-07,11.5387872935238
"THUMPD2",1.10613040483121,7.16781172383077,10.6937224738037,2.9654997760039e-09,5.0013109352728e-07,11.5310636156331
"THNSL1",1.13493226881754,5.44412676540724,10.6923552500012,2.97147782400782e-09,5.0013109352728e-07,11.5290836277714
"POT1",1.32658021424251,7.2481203600858,10.6797274627706,3.02729171624654e-09,5.0013109352728e-07,11.5107863421022
"PROCR",2.22044369673597,7.85872615024119,10.662549567881,3.10498493923116e-09,5.04832627638813e-07,11.4858671992795
"SSB",1.553789338227,8.62614180660439,10.6545978632916,3.14165361887457e-09,5.05793488469969e-07,11.4743207575519
"NFE2L3",2.34686625611139,7.04665841406223,10.5942561484937,3.4351261168792e-09,5.30179356256595e-07,11.3864668658106
"RNF113A",1.03455428859263,8.67719932994027,10.5852354363875,3.48140635261993e-09,5.33456646794618e-07,11.3732977253299
"DKC1",1.71912976430518,10.2319950249071,10.5614938311156,3.60635825108817e-09,5.40928340774133e-07,11.3385935769805
"TGS1",1.05347588136104,6.78134588635816,10.551548962583,3.66008510001024e-09,5.4514791989593e-07,11.3240376207643
"CCDC59",1.10164865755078,8.68866030658666,10.4799672183588,4.07239462413277e-09,5.98192642064854e-07,11.2189320140738
"XPOT",1.57921201957555,9.41925884390403,10.4196706983215,4.45738636447673e-09,6.37166927362348e-07,11.1299398156033
"VSNL1",2.7650697835983,6.88606086765811,10.3928494878468,4.64070698464578e-09,6.58949453773137e-07,11.0902191746994
"GLO1",1.1736401695093,11.0808193265503,10.3559501664819,4.90590355746408e-09,6.76339839200543e-07,11.0354371031559
"C8orf59",1.2943092748457,7.26669069064038,10.3495213011975,4.95370744707661e-09,6.76339839200543e-07,11.0258763890231
"PPIL1",1.70011828840726,7.71878370099961,10.2967793694116,5.36477958607818e-09,6.962871693027e-07,10.9472591014294
"SLC7A5",2.26332509122194,7.82389659494731,10.2916202009021,5.4068638302678e-09,6.962871693027e-07,10.9395513823764
"MRPS23",1.7177034422519,9.20095229424782,10.286212505875,5.45134637126399e-09,6.962871693027e-07,10.9314690246186
"XPO5",1.28190633049208,7.49629634429814,10.2773841469433,5.52479138044774e-09,6.962871693027e-07,10.9182667729167
"KNSTRN",1.2338050413835,7.55073623233916,10.2358207465194,5.88474388541551e-09,7.16223771516943e-07,10.8559884903194
"CPSF3",1.185189430126,9.20283948575833,10.1766170468378,6.44039233318343e-09,7.4958424210095e-07,10.7669270118956
"RAD54B",2.22412779611556,6.24481457151416,10.1490098420709,6.71800966839237e-09,7.66312498580078e-07,10.7252552573924
"SNHG17",1.47720060322715,8.75748221672233,10.1410850086882,6.79999353169796e-09,7.66312498580078e-07,10.7132764146042
"AASDHPPT",1.03414078556234,6.85762952486524,10.1017516471951,7.22267941420994e-09,7.99572523256663e-07,10.6537113688189
"DPEP1",4.13906055848704,8.14897021510575,10.0949616472219,7.29838552116969e-09,7.99572523256663e-07,10.6434102028187
"TRIT1",1.04450877467926,8.55406758821266,10.0896741292179,7.35791420058716e-09,7.99572523256663e-07,10.6353846598096
"NOC3L",1.39471880056259,8.67033323090606,10.0822275368664,7.44261323317757e-09,8.04671163723092e-07,10.6240763598229
"C1orf109",1.4702691747574,6.44746825102065,10.0365109323788,7.98545531579615e-09,8.45440952973567e-07,10.5545065508578
"EXOSC5",1.36118438852611,8.33007369789399,10.0311322802979,8.05199192367376e-09,8.45440952973567e-07,10.5463050775856
"ZNF121",1.4705056840612,8.83567448695246,10.0180196914464,8.21664290649929e-09,8.45440952973567e-07,10.5262962120087
"GTF3A",1.49429224223093,10.2446885593747,9.95936261911463,8.99746910471777e-09,9.08118786060375e-07,10.4365367974353
"TMEM260",1.00448230268658,7.44198715513182,9.95178707913615,9.10383160754518e-09,9.08118786060375e-07,10.4249141812483
"FBXO5",1.71302152035721,6.69742281737445,9.94404677927218,9.21386648651828e-09,9.08328758852055e-07,10.4130316296845
"SNHG1",1.53822612958875,9.88673216346428,9.94122676878181,9.25430023338635e-09,9.08328758852055e-07,10.4087006809904
"CCDC113",2.29415752638285,5.82522192906458,9.90925672025495,9.72588827901162e-09,9.33115740786795e-07,10.3595340869248
"LDLRAD3",2.23292128190899,6.43662284152888,9.88654968007856,1.00760572196022e-08,9.4541824986919e-07,10.3245378244327
"TXLNG",1.14646556454926,7.01317445717077,9.87942501564207,1.01886255418747e-08,9.51787436036791e-07,10.3135443392627
"PUS7",1.85915132834758,8.85652348823359,9.87438063287782,1.02691204713222e-08,9.55117890474634e-07,10.3057570369749
"FAM89A",1.66871719322659,7.10237593486167,9.86754472006798,1.03792661716061e-08,9.5700428653263e-07,10.2951991108951
"UTP14A",1.19736248687391,6.3877272854798,9.82317015217451,1.1124971320368e-08,1.01261010321589e-06,10.226525152127
"CSTF1",1.22867589407737,7.69405314317005,9.81586630041739,1.12529837689578e-08,1.01376322792824e-06,10.2151987109119
"NUP107",1.16048277195522,9.88732852696223,9.81276216973876,1.1307854468783e-08,1.01376322792824e-06,10.2103830096041
"IFITM1",1.93308143105883,10.9613383137948,9.81162492922597,1.13280270551162e-08,1.01376322792824e-06,10.2086184171503
"SPTBN2",1.16297542481121,5.65319512613199,9.80591974405746,1.14297961131973e-08,1.01434678089579e-06,10.1997636144543
"ARNTL2",1.06791179287121,5.99854511619963,9.78389480578562,1.18317336561974e-08,1.0370538894788e-06,10.1655421742413
"CSE1L",1.60026145586964,9.2935883064787,9.78006295544443,1.19031577759426e-08,1.03903835028607e-06,10.1595823363013
"CCT2",1.36910737912722,10.2731208190373,9.74939645117912,1.24912661211992e-08,1.05996604428455e-06,10.111820544111
"NOP2",1.23320761089371,8.27180327907244,9.74415837592194,1.25947196355381e-08,1.06450370443384e-06,10.1036509133003
"PRPS1",1.32615678267031,7.14551944834992,9.70747674418,1.33447623435574e-08,1.10595366986548e-06,10.0463453174009
"NIT2",1.47428514942567,9.37668281691366,9.68368714212419,1.38560392723604e-08,1.13346888173643e-06,10.0090915033463
"NEBL",1.36354984115537,6.42462665517405,9.68266322384664,1.38784993411429e-08,1.13346888173643e-06,10.0074865083953
"HAUS6",1.09456299132829,5.81425941760625,9.65371973630478,1.45293866604291e-08,1.16338874616722e-06,9.96206385311545
"EPHX4",2.95075628306157,5.21064217865741,9.62488824415249,1.52095444508696e-08,1.18662303025301e-06,9.91671374742655
"C12orf73",1.1655660062646,7.00009055117714,9.61451789614459,1.54622573024813e-08,1.19322687784619e-06,9.90037661024178
"FAM220A",1.23382420774753,8.86266194431423,9.60605305867833,1.56717872734426e-08,1.20069567315487e-06,9.88703144602375
"HSP90AB1",1.36968950892128,10.2869636774612,9.59000710983541,1.60771580039912e-08,1.22295495831074e-06,9.86170987405926
"JAG2",1.21819574570575,7.94049164028842,9.57236768194524,1.65354570939172e-08,1.2466780375617e-06,9.83383666722217
"NUFIP1",1.37928844046566,6.50031912097268,9.55562166826692,1.69831877961876e-08,1.26477243661189e-06,9.80733927653187
"MEST",1.78997615619573,9.85527783402499,9.52334763737397,1.78821941116681e-08,1.31335466339455e-06,9.75617285158766
"SNHG16",1.32172116723445,10.0521039455335,9.50495891952235,1.84165313162049e-08,1.33874983107115e-06,9.72696150378637
"RPF2",1.43732812687156,10.1003765628907,9.49353410246162,1.87568927322827e-08,1.35879766951233e-06,9.70879127337187
"PTRH2",1.18411877177912,9.73258795523247,9.41281102085046,2.13570446534628e-08,1.50623739759637e-06,9.57993977928262
"SUPT16H",1.10561276518494,8.52114567062433,9.40985433931494,2.14591476158692e-08,1.50844351508382e-06,9.57520466618294
"FOXP4-AS1",2.26927129373982,5.74873977255496,9.35545989689229,2.34313735634064e-08,1.61961624135333e-06,9.48789462691632
"TMA16",1.68846851459279,5.13852215278896,9.35516958536699,2.34423935186007e-08,1.61961624135333e-06,9.48742763277541
"TRMT61B",1.05467995434402,8.3293582669535,9.33534214652235,2.42079856807299e-08,1.65258297119829e-06,9.45550792899674
"CD46",1.12046247490147,8.9418497832448,9.32995367904276,2.4420531069319e-08,1.65543312912638e-06,9.44682452639848
"RNF43",2.35234314510723,9.85191896221097,9.32767435761341,2.45110236129738e-08,1.65543312912638e-06,9.44315033518312
"POLR1D",1.13414773146531,9.29433635372463,9.30970523872736,2.52368073418895e-08,1.69031056470095e-06,9.41416153168628
"EIF4B",1.15884078877213,10.5411122872988,9.30646226196276,2.5370166815857e-08,1.69227367101775e-06,9.40892539308629
"TOMM34",1.48052600305848,8.92454039145522,9.30513344778667,2.54250234624011e-08,1.69227367101775e-06,9.40677949069796
"PALB2",1.13631052997652,8.14551218199307,9.2722933893026,2.68208545491281e-08,1.76314006494407e-06,9.3536744407786
"LOC101927204",1.00616730713646,5.30143062873529,9.25392895313553,2.76360928576902e-08,1.78370042962407e-06,9.32391754044729
"RAD21",1.10258017827083,9.91060504405412,9.24979786893659,2.78230214103258e-08,1.79033997890794e-06,9.31721776949405
"DGAT2",1.61814277722578,7.02953651388796,9.24664020235277,2.79667937471053e-08,1.79417090367348e-06,9.31209520777716
"KDELC1",1.19957565787581,5.84993243716347,9.23763379969046,2.83811446202958e-08,1.80985029720863e-06,9.29747744397208
"FUT1",1.40750171467603,5.82582690097567,9.2178773489444,2.93126822097458e-08,1.85261370440764e-06,9.26537545836467
"TEAD4",1.22949529786853,7.43761874154228,9.19847349427146,3.02587152036245e-08,1.90112205050737e-06,9.233797599932
"EIF1AX",1.26708471882182,9.51902649295538,9.18338428214873,3.10164013485558e-08,1.93729716223722e-06,9.20920792216089
"FAM92A1",1.41212835015011,5.55936976905811,9.17286407055775,3.15563639310269e-08,1.94981125756284e-06,9.19204662997555
"RIPK2",1.16551513871302,6.6428147682931,9.16927456450584,3.17428381676495e-08,1.94981125756284e-06,9.18618791736221
"LGR5",2.87481837480069,6.14410808427819,9.16882982730345,3.17660221782386e-08,1.94981125756284e-06,9.18546191145022
"SCD",1.14809551006698,7.50993264543187,9.12816572344674,3.39623752834753e-08,2.03764684834575e-06,9.11897239821378
"GNPDA1",1.72938053443866,8.98760132316287,9.12173035892183,3.43242411274804e-08,2.04782076127229e-06,9.10843040572123
"KRT23",4.27713357400792,6.56609320227025,9.10894689910762,3.50550581447226e-08,2.07977070591768e-06,9.08747347997501
"NFXL1",1.39017281275579,7.71462775758262,9.09865605344979,3.5655172060331e-08,2.10365515155953e-06,9.07058751310601
"CCT6A",1.07040442241229,10.8102945392728,9.0935595680048,3.59563373501137e-08,2.11191724137448e-06,9.06221974716222
"TIGD2",1.21980801011634,7.6035474482416,9.07563074120412,3.70370780149945e-08,2.14362153435154e-06,9.0327561690337
"TARBP1",1.372194971786,8.46580748412772,9.07075509418161,3.73368067465698e-08,2.15511286421461e-06,9.02473649185283
"PDCD2L",1.45331878051583,8.26315058853279,9.05861882644281,3.80939286336503e-08,2.18696114816204e-06,9.00476081522809
"TCEB3-AS1",1.00385351034859,6.33904746659992,9.03972233554306,3.93048539563454e-08,2.2266413302665e-06,8.97362002448086
"P4HA1",1.25804668140565,8.78474713866772,9.03009157755885,3.99374065979303e-08,2.23526335907699e-06,8.9577309710241
"MRPL17",1.10564389088735,8.9537362026255,9.02625312060001,4.01924718403714e-08,2.2400078145258e-06,8.95139482542301
"BYSL",1.34178407181127,7.91708241939649,9.02337056067357,4.03851354888918e-08,2.2400078145258e-06,8.94663531760743
"ARHGAP18",1.23212986969618,8.22238813398841,9.01277833380145,4.11014159198612e-08,2.26792501988892e-06,8.92913677034844
"SLC39A10",2.36113448601759,8.10493042050453,9.00998628007432,4.12924234657745e-08,2.27257707337863e-06,8.9245218104494
"CMSS1",1.60076149449255,8.05811659899341,9.00271716561942,4.17940709619412e-08,2.29425751911955e-06,8.91250198532089
"DHX9",1.04557874428594,6.86909646271169,8.99360919606819,4.24316131896644e-08,2.30612294912585e-06,8.89743178740138
"JADE3",1.8113887388001,8.07237085261547,8.9912016364461,4.2601828881191e-08,2.30884568280022e-06,8.89344638824829
"E2F6",1.13669213014357,7.63638288363981,8.95622011657629,4.51570730777196e-08,2.40450124870588e-06,8.83545353932679
"SNHG6",1.32928023407696,10.7228544487971,8.94338818672987,4.61340543967317e-08,2.4291874624492e-06,8.81414041672287
"ETV4",1.27798341282921,7.00224970754969,8.93711367611706,4.66197818642036e-08,2.4396922209476e-06,8.80371094351456
"C5orf34",1.05705917866937,5.29641464087716,8.93302625617147,4.69390690433128e-08,2.44438931920176e-06,8.796914067735
"RNF183",1.94756708523917,6.29624448627671,8.89486235782414,5.00327054671036e-08,2.52522889512758e-06,8.73334630892127
"UBR5-AS1",1.73540010740224,5.92412198093307,8.8808580328475,5.12206521717289e-08,2.56866490846034e-06,8.70997193762056
"TATDN1",1.52110267904011,8.57030997876802,8.87649415917169,5.15968130014193e-08,2.56866490846034e-06,8.70268299481203
"TOP1MT",1.0441376362953,6.00072509780053,8.84659184962649,5.42531559652146e-08,2.66867891201641e-06,8.65266985931692
"GPN3",1.05446644361308,8.79629804464638,8.841609845237,5.47094154933303e-08,2.6787490588332e-06,8.64432573514866
"PRMT3",1.8956478667956,7.93526236592147,8.81963655585355,5.6770050973588e-08,2.75431734780513e-06,8.6074845733869
"AZGP1",2.99297325540719,6.149044198557,8.8067106976267,5.80199084841922e-08,2.7770023164153e-06,8.58578280738621
"PNPT1",1.45555689563717,9.26951752857384,8.75973490675682,6.28093391303154e-08,2.93652544043056e-06,8.50672672734385
"CXXC5",1.40524175712054,9.75691092608313,8.7535058124499,6.34747337205673e-08,2.9518523002497e-06,8.49622172219471
"POLR1C",1.32116289919696,8.22720028697698,8.72105081350787,6.70625570744574e-08,3.0783737136398e-06,8.44140477771319
"TBC1D31",1.09521195561872,5.44898310943379,8.70403449067116,6.90276009998734e-08,3.1414933198639e-06,8.41260792991747
"RRS1",1.32527608614466,9.0828552562901,8.69541127921858,7.00462489061626e-08,3.16754788843388e-06,8.39800006817289
"DARS",1.31157341687477,9.31565659382758,8.67702072283785,7.22714279105469e-08,3.24065082750893e-06,8.36681301590285
"ZNF670",1.11286950274356,5.4547224017451,8.67211592508392,7.28772547253227e-08,3.25009447588562e-06,8.35848773834411
"CCDC86",1.14430653880124,8.47445392230142,8.67089285101126,7.30291489132802e-08,3.25009447588562e-06,8.35641122317316
"SLC22A3",1.50840495892876,6.77425561875217,8.6703842409356,7.30924106272226e-08,3.25009447588562e-06,8.35554765445167
"ASUN",1.465488060793,9.49628461333851,8.66527979251681,7.37304842725927e-08,3.26483489505604e-06,8.34687890010837
"ZNRF3",2.35825689751354,8.15028769743032,8.64803282261561,7.59297320010331e-08,3.3387143470763e-06,8.31756303826
"PPP1R3D",1.19196692503215,5.8573742005448,8.6442994942087,7.64147313171393e-08,3.3488834615715e-06,8.31121200328133
"NUP37",1.00441468206007,8.01382348834589,8.62196525384255,7.93844684100519e-08,3.41970036984665e-06,8.27317862846467
"IPO5",1.35318025021645,8.17842307593973,8.61893366127078,7.9796754956279e-08,3.41970036984665e-06,8.26801092336889
"AZIN1",1.28582040841242,9.67805184022873,8.60059481917532,8.23388514867544e-08,3.50046945671933e-06,8.23672393379321
"ZNF239",1.68891436295305,6.88625842622319,8.58193703744231,8.50119599207974e-08,3.58548462248131e-06,8.20484648643894
"FBXO45",1.04530246533809,7.16810728409113,8.55731249974874,8.86791660026705e-08,3.70476321406129e-06,8.16270300741952
"TBC1D4",1.54868636151116,7.68859190392906,8.54354014949245,9.08017802532595e-08,3.75064497754244e-06,8.1390968409885
"OSBPL3",1.58327693338124,7.28271231853246,8.54115222613329,9.11751663496729e-08,3.75064497754244e-06,8.135001279566
"BZW2",1.16522272175329,11.1918921462773,8.53687071138766,9.18486564424078e-08,3.7620856414747e-06,8.12765606876153
"NONO",1.02078512442619,9.66106332452607,8.52954535803903,9.30130035325966e-08,3.80116026885027e-06,8.11508322952278
"WDR43",1.13490966950936,8.20052083045463,8.50990568631981,9.62112469711377e-08,3.88072638831269e-06,8.08133905092665
"TCFL5",1.85554488327767,6.82891417787461,8.49545819635305,9.86370234166201e-08,3.93421341151796e-06,8.05648265608757
"ARMC10",1.10249838994728,9.08289728982101,8.46520788854914,1.03924940955551e-07,4.08394339005957e-06,8.00434670226111
"NUPL2",1.20829281830213,7.29883908662716,8.44140778785713,1.08292660577036e-07,4.21668259164588e-06,7.96324053668994
"SLC39A6",1.0290797942662,7.31898639892982,8.42418586547882,1.11572209269132e-07,4.31666682683537e-06,7.933447950603
"CPOX",1.09541021752822,8.20242829823963,8.4236746280451,1.11671131113493e-07,4.31666682683537e-06,7.93256293480264
"FXYD5",1.10984008906976,7.9821998645692,8.3851447879687,1.19395909897084e-07,4.54903659427145e-06,7.86576085202427
"TMEM216",1.01221505162087,8.02310498314286,8.36087715091175,1.24545356857156e-07,4.71170791421059e-06,7.82358264178123
"TRIB3",1.59696141542788,6.52653543889405,8.35587578025476,1.25635084356749e-07,4.73768829572028e-06,7.81488007942223
"PAICS",1.15443535869636,7.83563743964501,8.3522867497419,1.26423203253502e-07,4.75739895070023e-06,7.80863293951193
"RBM28",1.20721695086697,8.15476916718211,8.34355692595519,1.28361775857366e-07,4.8218297424798e-06,7.79343030416117
"DDX27",1.05431019349743,9.8520698595772,8.33647195656554,1.2995784898853e-07,4.87319053803996e-06,7.78108448110837
"RAN",1.09100900771391,10.662532950296,8.335157584258,1.30256212441081e-07,4.87579449698169e-06,7.77879338589066
"GTF2F2",1.19860735351591,6.60867781151968,8.32975581510156,1.31489932654463e-07,4.89502485331938e-06,7.76937503574512
"PALD1",2.1620544197914,7.03978731833752,8.32888809319988,1.31689245549181e-07,4.89502485331938e-06,7.76786173291261
"CEP57",1.0851539217635,7.24417790688495,8.31836091091493,1.34132537132968e-07,4.966261268075e-06,7.74949419525501
"DPH5",1.10610447117082,7.66424159213177,8.30823758377042,1.3652667051417e-07,5.02465892385101e-06,7.73181702790361
"UTP3",1.0108030251886,8.63525471109584,8.27828759385351,1.43873973078918e-07,5.21151658606782e-06,7.6794369363345
"ABCE1",1.30556489729879,8.91320492248172,8.27197182633744,1.45475274180714e-07,5.24943383825074e-06,7.66837551751972
"CDCA7",2.05216070747472,8.43002278530405,8.23872630127083,1.54215906053419e-07,5.47095265578525e-06,7.61005938196947
"C6orf48",1.71586585602935,10.1766789218574,8.21153452887597,1.61771086931846e-07,5.63812567627848e-06,7.56224956819784
"NCAPD2",1.20551606546375,8.0237612112565,8.21071581323698,1.62004456260033e-07,5.63812567627848e-06,7.56080849223184
"TAF1D",1.29272474562002,9.38734180291165,8.19324815416111,1.67067943367879e-07,5.74859471048861e-06,7.53004057771629
"SNRPD2",1.39105123045585,10.625683504243,8.17205229243831,1.73434340274381e-07,5.88641516749744e-06,7.49264944275845
"C2",1.29511248730454,5.59790524022815,8.16203548620497,1.76530420452964e-07,5.93984427366142e-06,7.47495753441576
"DNMT3B",1.17802250400752,6.22946044332758,8.14825415187373,1.80884446989085e-07,6.05763810757945e-06,7.45059407336781
"NOB1",1.63332879053861,8.94070820141611,8.14476706175105,1.82003776933192e-07,6.07713943204456e-06,7.44442524480495
"GPALPP1",1.4477556162218,5.96590883349118,8.14377746392452,1.82322742714516e-07,6.07713943204456e-06,7.44267429417077
"ACTL6A",1.23940198784831,9.19783437900653,8.14256794415727,1.82713384173698e-07,6.0804889238849e-06,7.4405340402804
"PCID2",1.28861710291225,8.51654691671634,8.0946845026027,1.9890012648122e-07,6.4677462502649e-06,7.35564200404908
"RPP40",1.64420439339884,8.47034918868103,8.08993363634773,2.00585591059995e-07,6.48490700065364e-06,7.34720200389968
"MET",1.12180120220198,6.97951805506099,8.08891133119539,2.00950214584319e-07,6.48490700065364e-06,7.34538545299228
"SRPX2",1.20552426792907,5.18296190474877,8.08452577093506,2.02522251664482e-07,6.49797109877073e-06,7.33759104181337
"ZNF267",1.1979018697596,8.10888460100302,8.08437820429667,2.02575370185632e-07,6.49797109877073e-06,7.33732872697486
"RASSF10",2.68738258216349,5.61592518808474,8.04181005679473,2.18520790071988e-07,6.86471136835292e-06,7.26153389479292
"SYBU",1.3808561132275,8.09153337152286,8.02189698774351,2.26423372897811e-07,7.09204620492717e-06,7.22599161791896
"DLEU1",1.2622107376932,8.1609688137664,8.00955593061011,2.31469784583007e-07,7.21826492215734e-06,7.20393686748767
"NKRF",1.2547934015854,8.16808883833219,8.00233521353799,2.34476587109689e-07,7.30134039305449e-06,7.1910229167485
"SRFBP1",1.26596352643963,5.18078440978585,7.99876469162312,2.35978395348978e-07,7.33737787231807e-06,7.18463451898109
"HACD3",1.32544249348898,9.57825099012643,7.99331284595231,2.38290857628555e-07,7.37387584837698e-06,7.17487663880013
"OTUD6B",1.35924414988588,7.50853558200721,7.99048322708855,2.39500358985044e-07,7.39292484930789e-06,7.16981047683109
"ADNP",1.13187309802521,9.06744127395481,7.96535494292824,2.50525756535561e-07,7.65559266635712e-06,7.12477199153477
"CPNE1",1.58154155341399,9.54807025505838,7.9572028048728,2.54215077409221e-07,7.73269332419709e-06,7.11014175587467
"PDRG1",1.21774785346509,8.73725035219375,7.95183156287761,2.56676744530173e-07,7.76556531498317e-06,7.10049721604989
"WDR5B",1.21595903102388,6.50096420436935,7.93530312180029,2.64408636629256e-07,7.95000949823387e-06,7.07079381578612
"LINC00657",1.3736032644765,9.16203242599673,7.93396845622584,2.65043469602916e-07,7.95000949823387e-06,7.06839362183782
"GTF2IRD1",1.65579057573443,8.59461623833711,7.89258615096086,2.85534892302162e-07,8.44667732103299e-06,6.99385099455734
"INTS8",1.19222764663205,9.5350920189338,7.87214289766476,2.96259727790353e-07,8.63224223145551e-06,6.95693834676019
"FBXL4",1.30925023277349,5.7186214164722,7.85320593631537,3.06568488124395e-07,8.82480913697558e-06,6.92269358342265
"TMEM5",1.06985554712811,8.24466926080843,7.85016153624399,3.08260285567898e-07,8.86050718260548e-06,6.91718356555695
"KRT80",1.89745296378892,6.31463183650447,7.84287136704612,3.12351088002048e-07,8.94862502618577e-06,6.90398394106871
"EIF3E",1.08049921663883,9.68991188921254,7.82346588876495,3.23517872035251e-07,9.16304143148779e-06,6.86881217204301
"PAXIP1",1.07795544240678,8.12723884165201,7.81637526330941,3.27701050567337e-07,9.26919611691064e-06,6.85594756065268
"IARS",1.04147633561889,10.6925251517963,7.80849613178316,3.32415485753158e-07,9.3528631850152e-06,6.8416441292733
"WNT2",1.01606048493796,5.34020739837698,7.79033481824383,3.43552919318414e-07,9.53234105750373e-06,6.80864188965951
"CETN2",1.34674488940026,10.3374311255221,7.79007114125756,3.43717448338554e-07,9.53234105750373e-06,6.8081624041681
"ZNF22",1.20144048584554,7.66519498354401,7.78558738168129,3.46527803640384e-07,9.57288675711614e-06,6.80000739095311
"SHPRH",1.33355554015861,6.99311209150227,7.76579783284967,3.59220125257913e-07,9.84262696634782e-06,6.76398084827479
"RFC3",1.30514946931835,6.06242963287342,7.7588726200429,3.63775123683123e-07,9.92067395560415e-06,6.75136069806082
"EXOSC8",1.23077187455996,8.42000381149365,7.75140848599348,3.68751917340235e-07,1.00307114781988e-05,6.73775094483731
"RPIA",1.07805873182258,10.088993944584,7.73495017647433,3.79977515557633e-07,1.01928729267784e-05,6.70771412831167
"PSMA7",1.07221115818146,9.74130671535468,7.72459148109402,3.87224513712356e-07,1.03481743005765e-05,6.68878984523793
"IPO7",1.17860170639643,9.88858883543435,7.71091359245339,3.97014486108962e-07,1.0504362161037e-05,6.66377875202058
"APEX1",1.32050986787453,11.1069280312909,7.70878422406362,3.9856158651515e-07,1.05322124456404e-05,6.65988268137223
"EIF2S3",1.18268226082395,9.1495449613464,7.70042631677356,4.04694908110739e-07,1.0641477589939e-05,6.64458422501427
"PFDN4",1.03189501920652,7.56118094469814,7.65043279796912,4.43489930692251e-07,1.14773900775386e-05,6.55287113483397
"DUSP14",1.76621392017765,7.00524614014223,7.6465732537496,4.46641404900747e-07,1.15169676549407e-05,6.545776253794
"RCN2",1.02076564639069,8.89906479345691,7.6382894807621,4.53484304889472e-07,1.16090891945203e-05,6.53054140525193
"HIST3H2A",1.1128795862758,7.80956508147509,7.633061457824,4.57858988648763e-07,1.16929719415228e-05,6.52092149889758
"TRIM24",1.0298195442661,7.16516631979486,7.63103738278652,4.59564446236131e-07,1.1708448732516e-05,6.5171960394351
"XPO4",1.20487086668399,6.80343922743569,7.62643396442397,4.63467857833056e-07,1.17617406078733e-05,6.50872097112161
"YEATS4",1.27432124759407,6.17593623142816,7.60994512267582,4.77734519110763e-07,1.19709029676943e-05,6.47834002051176
"ZDHHC9",1.29622599839885,7.93829386713207,7.60916845581698,4.78417669848683e-07,1.19739341364361e-05,6.47690805999794
"NEK5",1.07462302677911,4.24786116640184,7.60128506041625,4.85409587673766e-07,1.21204440889373e-05,6.46236845825242
"ACTR3B",1.10376024733819,6.54858621360414,7.56429791745921,5.19660970594218e-07,1.28253290992888e-05,6.3940355334126
"PMAIP1",2.19584952159056,7.3235605373375,7.54551015961227,5.38012001378649e-07,1.32169753372132e-05,6.35925208742276
"NUP35",1.32294535739995,9.04378649558798,7.53950112819046,5.44022482359931e-07,1.33235873947375e-05,6.34811658153168
"EBPL",1.62582838555737,11.0829069974631,7.51506892887963,5.6918842938074e-07,1.36675810117028e-05,6.30278840088764
"SS18L1",1.01846424053128,8.07048783765393,7.51083978742557,5.73665964556067e-07,1.3728664470876e-05,6.29493372119205
"TTI1",1.37623156564519,7.35255200517538,7.50464298140251,5.80292942868121e-07,1.38337385559832e-05,6.28342001257981
"FAM210B",1.68521946343153,8.82057444218162,7.48534264064571,6.01447484769432e-07,1.41953943638945e-05,6.24752530518254
"SETD6",1.15888632045144,7.27162733025041,7.48438860272545,6.02513735307572e-07,1.41953943638945e-05,6.24574963231587
"LY6G6D",3.62838925724882,7.60742013654454,7.48282144347512,6.04269486383438e-07,1.42041609880185e-05,6.24283252941802
"LRRC6",1.16871234405072,5.97455538051986,7.48228451714569,6.04872248280801e-07,1.42041609880185e-05,6.24183301795056
"PCMTD2",1.15441571197396,6.42903057773979,7.48075466702334,6.06593110024219e-07,1.42288839762179e-05,6.23898491414464
"PLAU",1.38643713369004,6.35089660981924,7.47662234019869,6.11266857311859e-07,1.42829511864093e-05,6.23129016774047
"TBC1D24",1.05590083786238,6.46551435449543,7.4735761519182,6.14736104193607e-07,1.43376068790765e-05,6.22561636911716
"SOX9",2.03962669624692,8.18464186488183,7.45635780560436,6.34734106817798e-07,1.46043224164893e-05,6.19352115818784
"ASPM",1.52090746668859,6.28537990512241,7.45287400992036,6.38861864393658e-07,1.46536149085345e-05,6.18702225576901
"ZNF280C",1.50749168130202,4.58421408505644,7.45097118342585,6.41128184350633e-07,1.46706364683403e-05,6.18347187789004
"MMP1",3.13591199536598,7.60445787944662,7.44902067454421,6.43459965215573e-07,1.46892323677669e-05,6.1798320043241
"GAS5",1.12155083987583,8.26814929435688,7.42821187724563,6.68891719580138e-07,1.50918694230269e-05,6.14096714074481
"GALNT6",1.6413911437317,6.54113705210677,7.42619989215829,6.7140543849081e-07,1.51076456795019e-05,6.13720610524872
"PPT1",1.36711552232902,9.64908019978315,7.41355702720699,6.87427282461774e-07,1.53636030316404e-05,6.11355958528352
"KIF18A",1.5387938367163,5.42010902788445,7.40500098721386,6.98494942150567e-07,1.55619704737081e-05,6.09754409877407
"EIF2A",1.06684535683361,10.3059720651336,7.39179505374172,7.15942112068403e-07,1.58511965124167e-05,6.0728045975106
"NAP1L1",1.43897246707585,9.6133380566327,7.38979639316087,7.18621840865266e-07,1.58840948192524e-05,6.06905824704682
"CTPS2",1.17263847233638,7.83635928432678,7.36126821458164,7.58027495924031e-07,1.65253749966001e-05,6.01552298300975
"POLA1",1.36627654332477,7.49374373182915,7.35570728945298,7.6596657016116e-07,1.6613362502915e-05,6.00507417410364
"PAFAH1B3",1.22246595467687,8.59514531751874,7.35303153776301,7.69817337364344e-07,1.66460299172824e-05,6.00004496999867
"UBE2C",1.8914618762917,9.5464080842097,7.32343437960707,8.13777488270675e-07,1.73848011260553e-05,5.94434858783752
"ENPP5",1.15579302870853,4.78898458365647,7.30360587996266,8.44679898709899e-07,1.78967016000964e-05,5.90696617325129
"RHNO1",1.07023594319472,6.44141180216069,7.30353242877652,8.44796609214364e-07,1.78967016000964e-05,5.90682759399648
"SP5",1.80960432403016,7.9786662023085,7.29844507116338,8.52921057893163e-07,1.80043266720183e-05,5.89722750830833
"PLEKHG4",1.11870942941901,7.31290838873761,7.27418997213683,8.92786450656763e-07,1.8552642987629e-05,5.85140699565834
"DIS3",1.04157971008594,5.66486536178255,7.2733681135123,8.94170650944358e-07,1.8552642987629e-05,5.84985296810516
"PROX1",1.31871081577373,5.76993394790266,7.27067095295318,8.98728967017254e-07,1.85844934645636e-05,5.8447523224185
"DPY19L4",1.16604319268121,7.54094001876096,7.26787055598629,9.03487287818915e-07,1.86466819217588e-05,5.83945536344322
"FIGNL1",1.17769555131455,6.49213410602794,7.26300446577801,9.11817851061014e-07,1.88003953627769e-05,5.83024851987242
"TMEM123",1.13177842201622,11.5786216077182,7.25965929740895,9.17590867046769e-07,1.88646408081362e-05,5.82391739428764
"NAT10",1.05017546275201,9.00258190418245,7.25662687244757,9.22856943328544e-07,1.89147735624577e-05,5.8181768144084
"URB2",1.13167865825685,7.8723174066716,7.24397729331711,9.45164714151775e-07,1.92457583620637e-05,5.79421639985533
"AMZ2",1.29012674851994,9.04036755441521,7.24034018301106,9.51681886266723e-07,1.93599546280754e-05,5.78732294647887
"TIGD1",1.32219932221605,6.031758285373,7.23109597641795,9.68456934288245e-07,1.96262266825931e-05,5.76979394421511
"PSMG1",1.40116257311086,9.6325592810821,7.22849995089204,9.73222805678912e-07,1.96853490390837e-05,5.76486916397503
"BMP4",2.14741477388648,7.91737622560881,7.20739862812652,1.01287595806953e-06,2.04098817700311e-05,5.72480387860294
"AHCY",1.54646466316542,10.4385441185546,7.2065111549044,1.01457997143807e-06,2.04248949070506e-05,5.72311745487323
"SNHG15",1.08210598269304,7.67471779733811,7.16605159496692,1.09551144426693e-06,2.15838042826361e-05,5.64611666003537
"MRPS17",1.1427012114232,8.71848101069351,7.16083656479146,1.10642014849682e-06,2.17595962537708e-05,5.63617494059879
"RCN1",1.31926020436713,10.0504369262156,7.14596651499221,1.13814820463545e-06,2.21382818361008e-05,5.60780634103558
"TGFBI",2.86860980164865,10.5093750293158,7.13541948485979,1.16122339498619e-06,2.24436452720607e-05,5.58766626020278
"PODXL",1.46669225390779,8.0748259206038,7.13159620389516,1.16970750923511e-06,2.25477945395019e-05,5.58036166223241
"PIBF1",1.56578038372252,6.00029401576091,7.11849124167634,1.19927949232505e-06,2.29574742046666e-05,5.55530832796248
"INHBA",1.92034161197208,5.14180120494699,7.11518163589374,1.20686973425901e-06,2.30332602777622e-05,5.5489774009711
"TMEM97",1.3179283410495,8.8184738795846,7.11457318273876,1.20827057328845e-06,2.30393508867241e-05,5.54781332715341
"ZNF573",1.08217576539975,5.44927873010383,7.10989428916404,1.21909928240892e-06,2.32042856264769e-05,5.53886007858699
"JPX",1.05688446843055,4.80855994103324,7.10805235041959,1.22338978856412e-06,2.32651599166315e-05,5.53533461404068
"RAB15",1.29042825099,8.58482032270197,7.09504319150307,1.2541420195051e-06,2.37018375097064e-05,5.51042159143251
"LOC730101",1.46319102182189,6.01256903307015,7.06731776389586,1.32238698579977e-06,2.46849433922431e-05,5.45724726437148
"SCML1",1.0859006537004,6.60112261004386,7.06427684829551,1.33010294549238e-06,2.4785531615085e-05,5.45140857140292
"NT5C3B",1.28986471131959,8.78948389174246,7.06064145283298,1.33938863934985e-06,2.4914968235382e-05,5.44442675181358
"CKS1B",1.1973634159316,10.288778571575,7.04826369007833,1.37151176827367e-06,2.52479076512195e-05,5.42064124186269
"PAK1IP1",1.23002502287699,8.02927552197097,7.04520709232218,1.37956666539004e-06,2.53742576909693e-05,5.41476428348371
"LYPLA1",1.28852820814691,10.362414453251,7.03419660229918,1.40899099106113e-06,2.58044983426179e-05,5.3935834426895
"SMYD3",1.33321312069309,8.16053443796885,7.03188653120519,1.41524656312528e-06,2.58044983426179e-05,5.38913741475867
"TGIF2",1.36294501459138,6.48949628857432,7.02993815538304,1.42054506598075e-06,2.58379072248711e-05,5.38538693548529
"IFITM3",1.172471381185,12.0145614967164,7.02470260649785,1.43488499931731e-06,2.60098856174123e-05,5.37530626117936
"RFC4",1.38745981368226,8.44767674694718,7.01498643979768,1.46189625735922e-06,2.64096084694606e-05,5.35658832117915
"BID",1.10094686818453,7.74081222287647,7.00954756215306,1.47724615283028e-06,2.66187526370629e-05,5.34610470439801
"TRPM2",1.06616174578498,6.81098698496681,7.00627758960183,1.48655519287981e-06,2.66740851332325e-05,5.33979973372448
"INTS2",1.28763614430863,6.57938645470685,7.00126094640715,1.50095509526475e-06,2.68676876089101e-05,5.33012402946802
"HSPH1",1.25333447910439,8.71759829866434,6.99340298268354,1.52380214185442e-06,2.71593822756129e-05,5.31496114276626
"EIF2S2",1.02868726462421,9.25408188227214,6.99088517409151,1.53119870690221e-06,2.72456150863077e-05,5.31010090315219
"PSTPIP2",1.65668535329682,5.99194581157606,6.9641777991966,1.61198735668066e-06,2.84455001739365e-05,5.25849194998143
"CTTNBP2",1.16119790430246,5.08487551617025,6.9594397867979,1.62677497837727e-06,2.86116269731275e-05,5.24932588265533
"RECQL",1.1370360498315,7.36298231447594,6.94247806689318,1.68087641893893e-06,2.94155275591354e-05,5.21648639125655
"BOD1",1.2326645845656,8.1986896354084,6.94162257881564,1.68365401167422e-06,2.94176757954464e-05,5.21482902257556
"STC2",1.58608656594064,6.1164508077628,6.92848493276715,1.72691183731012e-06,2.99044742166073e-05,5.18936415979276
"ITGB3BP",1.2309757421217,8.62813879926938,6.89738142648699,1.83397895145137e-06,3.13247134618788e-05,5.1289799790912
"N6AMT2",1.05467470546998,7.72978910913225,6.89466310435343,1.84365733975743e-06,3.14395978218523e-05,5.12369624200604
"EPSTI1",1.62054644889652,7.87965939000299,6.87097651330601,1.93026482887666e-06,3.26550520970961e-05,5.07761193560988
"CCDC138",1.17815599663094,6.07600180942839,6.85622242852873,1.98633243862918e-06,3.33387664384263e-05,5.04886716153649
"KBTBD6",1.31774136154207,5.52889689320968,6.85387105395735,1.9954226893619e-06,3.34649668194639e-05,5.04428328113098
"SNTB1",1.00161060320028,5.08813787993608,6.84385856713412,2.03461539906955e-06,3.38711447031629e-05,5.02475587054018
"TOMM20",1.18221624098339,10.1577607229467,6.84286978688914,2.03852888870088e-06,3.38943222485871e-05,5.0228266914922
"SLC2A12",1.16030786201938,4.96833923793219,6.83339813502818,2.07641417980361e-06,3.43421770915504e-05,5.00433996310961
"EFCAB7",1.19499583017547,5.40286974368848,6.83331467936849,2.0767512133864e-06,3.43421770915504e-05,5.00417701938362
"FZD6",1.56619903676571,7.49845985332895,6.82466951234799,2.11197332163426e-06,3.47626891634375e-05,4.9872924532211
"KIF20A",1.88215486007388,7.66234203064622,6.81918170273357,2.13465228993218e-06,3.51088487438344e-05,4.97656902960017
"NUF2",2.00869444740567,6.96192062153203,6.7897953257147,2.26046061874451e-06,3.66404495575641e-05,4.91907572196862
"ANKRD46",1.16354869298582,8.602332376991,6.78112003119843,2.29905100121076e-06,3.71247060460864e-05,4.9020799796002
"TPD52L1",1.45096424084093,7.43905711908668,6.7794179310696,2.3067021889038e-06,3.71976439591254e-05,4.89874417835064
"RAD51AP1",1.89588424692308,8.70206090732295,6.76138805328659,2.38938690901456e-06,3.81782083834217e-05,4.86338435125078
"CHEK2",1.08288702844861,7.2971677677498,6.75602955619725,2.41454800440402e-06,3.84747887409359e-05,4.85286671368632
"BLACAT1",1.71765734638517,5.33618861537824,6.74534329728647,2.46554835884723e-06,3.9023451220834e-05,4.83187992226543
"SKA3",1.35862974150806,7.52453081415707,6.71814396725261,2.60045249809597e-06,4.04580261190257e-05,4.77839192287373
"PFKM",1.33837016990839,9.03683637304957,6.71477721432201,2.61767466079172e-06,4.06073216316117e-05,4.77176404362728
"CTHRC1",3.15450197559529,7.57511556382977,6.71402993101822,2.6215132730667e-06,4.06372716179387e-05,4.77029271003227
"SMG8",1.02312640989595,7.81159003628597,6.71251438254039,2.6293161800793e-06,4.06989864240617e-05,4.76730849515679
"BORA",1.57122164687992,7.70143628034821,6.70833638955526,2.65095161366778e-06,4.09351037956371e-05,4.7590801128983
"KDM1A",1.15673704672759,8.5836848676092,6.70808524511743,2.65225800450628e-06,4.09351037956371e-05,4.75858541782872
"CKAP5",1.13274787860512,8.52748458780765,6.68306301912787,2.78581700715546e-06,4.26564460355169e-05,4.70925403050888
"TRMT11",1.2424266724404,8.52485415091078,6.67446492997741,2.83330153877569e-06,4.329016461577e-05,4.69228299316632
"LYRM4",1.17037020382077,7.65791436129759,6.66017081270643,2.9141059514663e-06,4.42707151642515e-05,4.66404657077658
"LRRC8E",1.32691603219468,5.54177454576944,6.6597261048801,2.91665779804817e-06,4.42779005278888e-05,4.66316765042274
"GEMIN5",1.34056173336922,7.14538594615215,6.64870711929214,2.98063163388566e-06,4.49710335910701e-05,4.64138106490561
"NLE1",1.03968705101516,6.87789734082304,6.64453777800629,3.00521505859282e-06,4.52335538971025e-05,4.63313315782727
"C4orf46",1.32141469699656,5.90003648485124,6.64086203143984,3.02706214994666e-06,4.54678397261735e-05,4.62585971670486
"ZNF627",1.07311440405898,7.67788675070449,6.634711609787,3.0639859683294e-06,4.58607428949037e-05,4.61368533188226
"NUSAP1",1.56335020740105,8.30227731061901,6.62915782680142,3.09772831899323e-06,4.62358202286173e-05,4.60268750411301
"ATAD2",1.44453947513543,6.70706411563418,6.62627948355895,3.11536691783174e-06,4.63900561472371e-05,4.59698602937874
"M6PR",1.04015858722444,9.18791500180044,6.62510196931923,3.12261269375581e-06,4.64445026287046e-05,4.59465326077239
"IFITM2",1.0933826686592,11.4720606823508,6.62433630749736,3.12733350960387e-06,4.64739752231874e-05,4.59313630945222
"WDYHV1",1.04743244105389,7.62942756505781,6.61532826734068,3.18343185658992e-06,4.70860521621588e-05,4.57528329535267
"FANCI",1.1586652189422,7.30643377385479,6.61315497946789,3.19712143952672e-06,4.71902214417738e-05,4.5709743987736
"FUNDC1",1.10150746409765,8.15389835074006,6.58981273746859,3.34805326133499e-06,4.89095928759767e-05,4.52465390375039
"ZNF514",1.00667098835245,6.63249054685202,6.57779172081457,3.42863870036935e-06,4.97795335236311e-05,4.50077029829552
"NEIL3",1.29812297200907,5.58997612404119,6.55700827766062,3.57273160571582e-06,5.15552916464371e-05,4.45943084922022
"UBXN7",1.04041754141551,6.53086371463694,6.54106819568816,3.68748072088263e-06,5.29599810344431e-05,4.42768527716939
"SLC5A6",1.16186670506497,8.9490013188213,6.53771970635022,3.7120664159623e-06,5.32412812077987e-05,4.4210121810252
"UTP4",1.25266698102151,9.54207359341356,6.52595629964485,3.79978936382583e-06,5.41711604150778e-05,4.39755719465871
"NCAPD3",1.03521466102338,8.40432222281137,6.52381048627174,3.81602109108398e-06,5.43034379336559e-05,4.39327664419219
"MMP3",2.77482088408147,7.45090304100242,6.5237187536053,3.81671658700798e-06,5.43034379336559e-05,4.39309363843916
"ZNF185",1.24111400341727,6.84776213735032,6.52330988505637,3.8198181286111e-06,5.43112859287636e-05,4.39227793588261
"TEX30",1.10369135919079,6.86247653190347,6.52145934229878,3.83388836098495e-06,5.44749754507128e-05,4.38858577507327
"CENPF",1.00119359615261,6.24570003459682,6.51984462887197,3.84620929460805e-06,5.46136078439046e-05,4.38536375603707
"LTA4H",1.07554053208167,10.4076155852848,6.50736122315185,3.94285557048142e-06,5.56520084795784e-05,4.36044228302182
"GPSM2",1.39933500868651,7.97717483435355,6.49036771896319,4.07847112212472e-06,5.70370035654198e-05,4.32648306734475
"MSH2",1.33820797126916,7.59510336536523,6.48927905016352,4.08732188719979e-06,5.71232735403335e-05,4.3243061783428
"ZFAND1",1.06764475076667,8.79506973124631,6.4889280261011,4.09017990844571e-06,5.71257323737607e-05,4.32360424068939
"TOP2A",1.54737935335261,7.36935955346405,6.4709112586207,4.23968117734545e-06,5.88618948435892e-05,4.28755401401538
"FANCF",1.02434082805892,7.69366739771242,6.46999680672851,4.24741819966515e-06,5.88618948435892e-05,4.28572309400383
"HENMT1",1.11361846494767,7.85785771002354,6.44958883860062,4.4239374519286e-06,6.07906088958886e-05,4.24483281678533
"MCM7",1.15423794042425,9.3102791215384,6.44132387820448,4.49756708441903e-06,6.16036535890938e-05,4.22825682469528
"ESF1",1.0906586675713,7.52039151553193,6.44009049873284,4.50866295936109e-06,6.17159462541336e-05,4.22578240220078
"ASB9",1.10128951698989,5.95509133281254,6.43497031083281,4.55502919200307e-06,6.20713798851398e-05,4.21550802437712
"MCM2",1.43812182104172,9.57788074228294,6.43129573096178,4.58860815761135e-06,6.24490512133956e-05,4.20813228983898
"MMP7",2.38297069832326,6.88648725842276,6.42367154723887,4.65909789842145e-06,6.32467343138805e-05,4.19282299573353
"TMEM154",1.01639911147225,6.34028904337,6.42053362762746,4.68843388904797e-06,6.34427912343283e-05,4.18651981279856
"NUP155",1.25274729340144,7.55246454607183,6.41332390507998,4.75656203159252e-06,6.40392001965165e-05,4.17203253586815
"ERP27",2.07382661004016,6.61924657798597,6.40441272536704,4.84218414877479e-06,6.47417954706555e-05,4.15411670306007
"EIF3H",1.02106304289492,9.91114836333393,6.3975599295733,4.90911088537466e-06,6.54722309001847e-05,4.14033199149987
"GDPD5",1.04759832439151,7.42904189317995,6.39599294198428,4.92454844870295e-06,6.56370196551466e-05,4.13717904104156
"CDK1",1.38031584765392,6.98837185496904,6.39467414493012,4.93757977308093e-06,6.5769550710976e-05,4.13452522237136
"PLAGL2",1.13214721648944,7.36777126725951,6.38737612164017,5.01034011703095e-06,6.63984690741821e-05,4.11983518426052
"ZNF420",1.14197581556266,6.89573118952326,6.38734616982522,5.01064100471446e-06,6.63984690741821e-05,4.11977488020069
"PUS1",1.07175878620531,8.03135567992,6.38716374412065,5.01247400628494e-06,6.63984690741821e-05,4.1194075873269
"CCDC77",1.12950003903609,6.17584444170406,6.3792101100374,5.09306895669361e-06,6.71437164997753e-05,4.10338954778634
"ARID3A",1.38823086190806,6.12802350759375,6.3742287229875,5.14422661751345e-06,6.75921546739167e-05,4.09335309277777
"LINC00920",1.05705303161795,5.35907942768716,6.36728646176165,5.21640901557614e-06,6.82039874909492e-05,4.07936036030445
"UBE2T",1.51404417573118,7.3347993155645,6.32343217461693,5.69722998221027e-06,7.30555697718824e-05,3.99081987180587
"CYP2S1",1.11005797915516,7.34474479979733,6.32088508520953,5.72652554840171e-06,7.324189958234e-05,3.98566952178299
"E2F5",1.56157233315932,7.44330808839478,6.31370310211849,5.80997048327023e-06,7.41441350048967e-05,3.97114253866243
"FBL",1.08186171052717,11.2040058595091,6.29603612885958,6.02062360643682e-06,7.59675723895129e-05,3.93537852018728
"LGR6",1.53264153537425,7.12941169509589,6.2944541493737,6.03986718470713e-06,7.61652641604957e-05,3.93217403688902
"PRPS2",1.24126761137314,9.33709658383259,6.29350048654696,6.0514984423011e-06,7.62216826271857e-05,3.93024212223766
"SPC25",1.70962000939175,6.01815662601849,6.28908614111996,6.10563966607344e-06,7.66317143474946e-05,3.92129804793322
"LOC729680",2.0587451652875,8.15701689859154,6.27343831840479,6.30162033607491e-06,7.86742154384875e-05,3.88957268081612
"LACTB2",1.33201809923993,7.94528217914993,6.27229615463539,6.31617729377827e-06,7.87636183724727e-05,3.88725572297409
"COL9A3",2.23665017175275,6.49576829676326,6.25148672955961,6.58756040117082e-06,8.1338231295384e-05,3.84501231365869
"MCM3",1.15122857497952,8.07090940430356,6.24857649434233,6.62646224467232e-06,8.16765158271271e-05,3.83909996073206
"TMTC4",1.10601702606051,6.8062009265106,6.22150100550207,6.99995537480534e-06,8.55867104064173e-05,3.78404092548457
"ADK",1.10385461446642,7.37814039985045,6.21665722783398,7.06903159503476e-06,8.61839175401518e-05,3.77418080135097
"FAIM",1.02365431231737,7.22523687356931,6.19939851747716,7.32092717495258e-06,8.84951350166373e-05,3.7390236048632
"NOL11",1.01615645267581,9.95759166838863,6.19815732950053,7.33939597509123e-06,8.8567589163438e-05,3.73649372129852
"MAD2L2",1.08002475619656,6.87974102207081,6.19102154641071,7.44651283094465e-06,8.96570247520012e-05,3.72194513432738
"TMPRSS3",1.47389226797299,5.65853500364632,6.18475330227742,7.54193759411494e-06,9.05935990505693e-05,3.70915983791593
"FRMD5",1.01100645577992,5.55390656341843,6.14128230032433,8.23940291293764e-06,9.70636297802316e-05,3.62035207968501
"SLC25A32",1.45246679919716,8.66730716571121,6.13316011703012,8.37692779771757e-06,9.83031323215353e-05,3.60373202093589
"SLC6A20",1.26648405942611,5.12700292881404,6.12862554201602,8.45473507620524e-06,9.91069908575098e-05,3.59444942515179
"XKRX",1.00832591531818,5.27867682515672,6.1088680100065,8.80254660596348e-06,0.000102507074992026,3.55397348797293
"NCAPG2",1.28583013166325,6.65639953484868,6.10631394558422,8.84857340338997e-06,0.000102986756786231,3.54873748704611
"FGGY",1.07182206509978,5.76586772641685,6.10317891785682,8.90540923742122e-06,0.000103591650108047,3.54230932928001
"NANP",1.32580035938796,7.85659743150343,6.10205744672005,8.92583202647762e-06,0.00010377254166591,3.54000952422772
"TKT",1.04012662612868,8.23245630060045,6.07337289480433,9.46494762160611e-06,0.000108675967327541,3.4811313163324
"DDX21",1.31806620069434,10.5608378661935,6.06650337991588,9.59897087741969e-06,0.000109741535543834,3.46701529128643
"EGFL6",1.97298171479256,5.25125188311976,6.04953659777998,9.93843980368104e-06,0.000112775082247524,3.43212487366772
"RNASEH2A",1.39812308940338,8.11806399797433,6.04552110083271,1.00205773274768e-05,0.000113344809611221,3.42386207326096
"LRP4",1.74066184621373,8.54280624332086,6.04317715449935,1.0068846203789e-05,0.000113709626349153,3.41903792427184
"SLC35D3",3.24301472726505,5.94443083380869,6.03628798835939,1.02121069808858e-05,0.000115144344407563,3.40485508754031
"PAN3",1.09347551550619,10.3218530718937,6.03482435897517,1.02428129315844e-05,0.000115306000281476,3.40184111641284
"SORD",1.23914472693273,7.95842518370804,6.03457285429934,1.02480989028984e-05,0.000115306000281476,3.40132317943969
"PLCB4",1.90849117321993,8.60827742296606,6.03146378492379,1.03136761262182e-05,0.000115982570122662,3.3949198465202
"LRP8",1.25545770125632,6.75938749871301,6.01966808718065,1.05664327632267e-05,0.000118240810479046,3.37061472344292
"CCND1",1.21022284917338,8.83972106796699,6.00704629335833,1.08439707645026e-05,0.000120734831841684,3.34458798834185
"ORC6",1.00793288944617,8.90043498511995,5.99754702039014,1.10577955309934e-05,0.000122730582081619,3.32498681829987
"AURKA",1.21552650955815,7.64511436024392,5.99039956736875,1.12215429655569e-05,0.000124030951543018,3.31023101476268
"KLK10",1.17192241082608,5.48235993038328,5.98813704544969,1.12738961430474e-05,0.000124480411586712,3.30555873914009
"RUVBL1",1.32533225657581,7.57142176521206,5.98271219761625,1.14004509774302e-05,0.00012555232955961,3.29435341374881
"CD3EAP",1.06522072708307,7.52870997885473,5.97891080407864,1.14900041695839e-05,0.000126082225042745,3.28649922860052
"PSAT1",1.42407890210745,7.24072885255864,5.97391512634614,1.16087956313465e-05,0.000127058447149049,3.27617474563823
"MRGBP",1.14337828175959,7.15158191755502,5.96503964630394,1.18229750960814e-05,0.000129004890661598,3.25782425321687
"CENPH",1.37333679463769,6.841755571767,5.96225326678371,1.18910512469954e-05,0.000129416198523124,3.25206124968016
"RLN2",1.08726095462241,4.29269118543159,5.94186012800856,1.24017454747105e-05,0.000134288142788947,3.20985318704704
"NOD2",1.46155378702407,5.34025955308736,5.93497206857504,1.25792996098645e-05,0.000135581891021823,3.19558517538052
"POLE2",1.23520033794669,7.61169707407628,5.93060235830023,1.26932934427219e-05,0.000136542655068956,3.18653065679726
"SMKR1",1.35905020854539,4.67586631700401,5.92779600295001,1.27670641781557e-05,0.000137128441719889,3.18071433509575
"GCA",1.06134829447091,8.67860275472773,5.92625551113061,1.28077467062969e-05,0.000137496067085392,3.17752116934791
"CDKN3",1.70752085980949,7.51283872733648,5.92576524351989,1.28207220696238e-05,0.000137566024866961,3.1765048701982
"REEP6",1.03845729978226,6.86773737412816,5.91424335455372,1.3129588254486e-05,0.000140270830808284,3.15261205193362
"ESM1",1.20498160914944,4.62503405536314,5.89681528207908,1.36114159248119e-05,0.000144233605861975,3.11644056800952
"FAM217B",1.57364138527787,7.64819714524658,5.89474493161459,1.36698517943599e-05,0.000144565130768655,3.11214113241419
"C17orf96",1.14507641073267,7.16440523092441,5.89124390533864,1.37692570699029e-05,0.000145255773319397,3.1048694584308
"XRN2",1.17148735111916,7.11562231974587,5.88267654066138,1.40156632260378e-05,0.000147417091877224,3.0870686045365
"HSPE1",1.06169877781687,10.5164357154112,5.86967940855005,1.43981743945026e-05,0.000150755459417844,3.06004666128266
"LINC00525",1.50329366565716,5.57213909567341,5.86964619908055,1.43991654090056e-05,0.000150755459417844,3.059977590075
"SHMT2",1.35170622943274,8.64577238169046,5.86849147466649,1.44336676174635e-05,0.000150845282916759,3.05757583576795
"TRMT112",1.01083410953611,11.1197532874938,5.86803083758178,1.44474548076178e-05,0.000150915321210128,3.05661769419545
"BBS10",1.1884215410284,5.68010901024213,5.86471039413169,1.4547239933263e-05,0.000151585940967988,3.04971028852566
"TPX2",1.93580410601064,8.69529927362007,5.85322468680937,1.48979108181747e-05,0.000154559475166246,3.02580661557535
"SMS",1.22048155716502,9.79638942150904,5.82555246723067,1.57789609234777e-05,0.000161187572522375,2.96815042395048
"CXCL8",2.11684682489958,7.03656145712161,5.81000354066732,1.62973786179877e-05,0.000165688719419819,2.93571305959574
"SLC7A7",1.32461115676944,7.91581243808875,5.80559604217689,1.64474942443645e-05,0.00016705540291403,2.92651308055556
"ERCC6L",1.03357350484574,5.86656586981109,5.77741280774121,1.7441627910895e-05,0.000174983152554947,2.86762994897674
"DBF4",1.43579086383921,8.42884670960871,5.77477380430383,1.75378269354706e-05,0.000175699988663494,2.8621114390563
"FJX1",1.27696642662584,6.4655071588511,5.77145641416135,1.76595298109887e-05,0.000176421353397866,2.85517315732139
"MASTL",1.09668847543557,5.62003104899604,5.7668139785007,1.78313039391512e-05,0.000177803812078643,2.84546136492308
"TP53RK",1.22195046626723,7.8339837795762,5.7465704617845,1.8600654926112e-05,0.000183925417488978,2.80308289828777
"MAD2L1",1.44368499464444,7.12534413429376,5.74163913252751,1.87931879828811e-05,0.000185656823213073,2.79275215672334
"CXCL3",2.34489609774424,8.1962722859163,5.71184912666026,2.00006790162611e-05,0.00019532070718356,2.73028373718251
"ATP6V1C2",1.19619733489383,5.02611841456953,5.70779168869038,2.01712066784206e-05,0.000196355818575722,2.72176742416424
"KIF3A",1.12031394557716,5.60054381795125,5.67806685874912,2.14669644027459e-05,0.000206012904338774,2.65931848706935
"CDC25B",1.33975540300782,9.36617400918299,5.67336008019226,2.16798559636537e-05,0.000207625563026016,2.64942063138227
"TRIP13",1.85048426519563,8.29468221130628,5.64690279277459,2.29175863327198e-05,0.000216461938492505,2.59373636554392
"MORC4",1.00178762974518,6.96265657072262,5.64052398120958,2.32267199416263e-05,0.00021879960550053,2.58029898314433
"FAM216A",1.15477930332622,6.13178594196309,5.63275312040022,2.36091127055132e-05,0.000221813185493924,2.56392289216066
"DACH1",2.29494960352287,6.23109349266135,5.62603706308975,2.39448089156398e-05,0.000224472044495692,2.54976413262231
"CLDN2",2.7457147012932,6.91578296671429,5.61669212343311,2.44200849148738e-05,0.000227625638247016,2.53005466655131
"NARS2",1.23279828031364,8.86008173506172,5.60602094089629,2.49746815506469e-05,0.000231175898455988,2.50753594160854
"KBTBD7",1.01461244468223,6.01730669997904,5.57656533720365,2.65736572089361e-05,0.000242683330701296,2.44531122240952
"TMEM17",1.2786368857148,5.13524004337674,5.5701522847289,2.69355056768777e-05,0.00024521079926896,2.43175084988478
"BBOX1-AS1",1.47237125080983,4.70481161717376,5.56430381165345,2.72699089270194e-05,0.000247790866141888,2.41938029202331
"RRP15",1.04528058659565,6.7224390309158,5.56330762421774,2.73272922868369e-05,0.000248164835316249,2.41727280052405
"FZD3",1.34565347249858,5.84923190528141,5.55261677944024,2.79509778254831e-05,0.000252601856686225,2.39464878865155
"STIL",1.34264558677683,8.23602908388992,5.52125650672252,2.98661470086795e-05,0.000267389266556479,2.32821142646543
"NEDD4",1.23699653398332,7.14132832026879,5.51921635349676,2.99953117463806e-05,0.000267952876703664,2.32388559040946
"DTL",1.22432965039172,7.47314111296271,5.51878355457069,3.00227864364914e-05,0.000267952876703664,2.3229678474709
"CYP4X1",2.49467484009693,5.71431287987998,5.50975418178105,3.06019117550841e-05,0.000272378229106127,2.30381656267252
"ACSL6",1.3377431154746,5.10029983123112,5.50954882001761,3.06152157603675e-05,0.000272378229106127,2.30338088763598
"TTC8",1.2562732274557,6.98164305440858,5.50658616148148,3.08078082671346e-05,0.000273760554014024,2.29709509746668
"WT1",1.04217718140487,4.83546121070036,5.49613528473439,3.14971697103233e-05,0.000278827189384944,2.27491417066249
"CHI3L1",1.10995601390634,5.20462952044529,5.4817853090937,3.24696001936591e-05,0.000285890869997828,2.24443859970994
"ZWILCH",1.11270988342398,7.67820603817098,5.47767210038139,3.27539739881554e-05,0.000287444125246692,2.23569914613089
"RACGAP1",1.02849643579183,9.36396012379413,5.46355457581751,3.37495973203668e-05,0.000294966218024822,2.20568946610395
"CHEK1",1.01420385382284,6.32954866913769,5.45596693877789,3.42974808570626e-05,0.000298896090333297,2.18955161793175
"CKS2",1.79465503997805,10.8884199696524,5.45149913953225,3.46243481445984e-05,0.000300882901318564,2.18004637104339
"GPR143",1.70031347838364,5.65711363683122,5.44820605152925,3.48673167941953e-05,0.000302600806171931,2.173038969539
"GNG4",1.32076910580956,5.73905999979185,5.43808282792018,3.56252299265303e-05,0.000307572668101001,2.15149046488205
"DSN1",1.13017523235214,7.31093074026087,5.43679369788462,3.57229509069195e-05,0.000308291382239254,2.14874562025061
"PRMT6",1.11868215781123,6.37023132741741,5.42679157298693,3.64905515996177e-05,0.000314152085093071,2.12744293654245
"ANLN",1.93747643987369,7.30943445560908,5.39452156402854,3.90843792863595e-05,0.00033184278598467,2.05864255291531
"CXCL1",2.13562266089013,7.90939530268865,5.39268793030489,3.92373207680833e-05,0.000332954460175062,2.05472996259733
"C2CD4A",1.79934107170178,6.94454299343489,5.38795568030261,3.96348737608961e-05,0.000335792830641737,2.04463073120237
"TTK",1.85231183998339,7.52817348193718,5.37293377703971,4.09244248328298e-05,0.000344389302455331,2.01255681594289
"TAF1A",1.31047141557864,5.84736809128964,5.36719294091191,4.14285318076995e-05,0.000347106030044905,2.00029321313565
"C8orf33",1.20021722117168,7.49650676863299,5.3647384572046,4.16459995408623e-05,0.000348259970247674,1.99504890805138
"GGH",2.01377745370534,10.7104805575964,5.335214107295,4.43554111303425e-05,0.000365040920272474,1.93191872202999
"REG3A",1.28589269823646,5.24578776013238,5.33137677007608,4.47205852980929e-05,0.000366625756677878,1.92370712734706
"LY6E",1.12300801762661,7.55730158840016,5.33122388612342,4.47351978911323e-05,0.000366625756677878,1.92337993739942
"PJA1",1.27970722845634,8.86460354835567,5.32955271525054,4.48952471024751e-05,0.000367495721766187,1.91980327946666
"MSX2",1.12786097641896,4.57343051987303,5.32243494716907,4.55835172837293e-05,0.000372300741500433,1.90456663378503
"LIPA",1.08946469629743,9.36888972052876,5.31218338734408,4.65938615961827e-05,0.000378779640510342,1.88261278315852
"SLC25A15",1.14376529241066,6.58799621169063,5.30963170740651,4.68488891230275e-05,0.00038070755033627,1.87714670785796
"CYP39A1",1.30052313339981,5.96191600319438,5.30058694996125,4.77644388145184e-05,0.000385636454269796,1.85776632386018
"RMI2",1.04755487998468,7.89712644644344,5.28368516995966,4.95247333870101e-05,0.00039699935882948,1.82152900274817
"SPIN4",1.20102967362535,8.94678983518864,5.26767170751657,5.12537998716315e-05,0.000409284748202942,1.78717054429818
"TMEM243",1.30077913857204,8.09703964428376,5.26547146585885,5.14961556477765e-05,0.000410623740748848,1.78244776943618
"PROSER1",1.24107602933292,7.5745720351755,5.26310674184539,5.17579373146967e-05,0.000412109273594663,1.77737141593889
"ZXDA",1.00751481550282,6.61069249976574,5.23449894346603,5.50349826752325e-05,0.000433255959780064,1.71591659680432
"S100A9",1.04542410465961,6.42145681057094,5.21863307302008,5.69432158026218e-05,0.000446523403421137,1.68180028873977
"NME1",1.36864418077885,11.0729334398156,5.20317015087231,5.88681548976155e-05,0.000458943203208021,1.64852771856788
"TSPAN5",1.26684445159888,6.70554500896845,5.19546026416947,5.98526824165105e-05,0.000464916952147796,1.63192954483766
"TIPIN",1.07113624848065,6.81717460537363,5.19503426079392,5.9907570184791e-05,0.000465004131693099,1.63101226611428
"TCN1",1.9852675531796,5.73268552118207,5.19404736367033,6.00349233489201e-05,0.000465822889766357,1.62888719568004
"NAA20",1.07433437248788,10.2160487318237,5.19228954365681,6.02624457994034e-05,0.000467220842788576,1.62510188605415
"GLCE",1.38225789765466,7.88594186092824,5.17526403799794,6.25123009828845e-05,0.000480494225418426,1.58842426566322
"NNT-AS1",1.01376038974976,5.38749299102003,5.15499338449533,6.53033754508527e-05,0.000496394216176914,1.54472124088878
"CKMT2",2.68463892004367,6.67274239517559,5.15287954205502,6.56016746876016e-05,0.000498128366905963,1.5401617109342
"PLTP",1.87386788243887,7.55427803369149,5.14059314961806,6.73632881255338e-05,0.000509325762792242,1.51365219354991
"LAPTM4B",1.22785568247197,9.33442145529773,5.13262638073287,6.85313320666118e-05,0.000516507021120582,1.49645563818364
"COL11A1",1.92917121560415,4.67853743082245,5.10114537987608,7.33531297477765e-05,0.000546084694336907,1.42844804574757
"KIAA0895",1.04490656293396,4.14927560128863,5.06104395947206,8.00013663377921e-05,0.000584946481849857,1.3416939032883
"SLC12A2",1.54261306984178,10.0809801924798,5.03708024400529,8.42648996861362e-05,0.000607817297088636,1.28978678974373
"SPP1",1.42115302827739,5.10950520412272,5.02712404097788,8.61038372513166e-05,0.000617899470894808,1.26820697454022
"KCNH8",1.05892059526641,5.1120424462282,5.01879298559224,8.76740643009622e-05,0.000626634193136307,1.25014339529591
"DLGAP5",1.74801646849124,7.69033954634816,5.00582641252336,9.01763621448087e-05,0.000640435590971084,1.22201778966235
"PRDX4",1.4588886579273,10.9965835883299,4.98972440595459,9.33854926700549e-05,0.000657961497975355,1.18707238961742
"S100A2",1.40909887770184,6.45200648826073,4.98431151546654,9.44902610677415e-05,0.000663988145985426,1.17532043353948
"MIR181A2HG",1.19981806365041,6.07425555822219,4.97836469070419,9.57193878039558e-05,0.000670309277764551,1.16240658953403
"SLCO1B3",2.54573153844649,5.27789481320075,4.96259933867992,9.9057417315338e-05,0.000688809641331826,1.12815792512047
"IMPDH2",1.01125906932084,11.5465492762351,4.9392429520944,0.000104222382042673,0.000718857679769069,1.07738329332641
"HMGB3",1.20047470909554,8.6934329560685,4.93547452829412,0.000105081095791374,0.000723375002993041,1.06918720287014
"SGOL2",1.41452049343087,6.87802071750889,4.93527829487894,0.000105126008773367,0.000723450358922115,1.06876037793122
"DDIT4",1.04749313771601,10.1509078967438,4.93478876744808,0.000105238134849883,0.000723754289366371,1.06769560008286
"CDC6",1.11476739751259,5.81482692008757,4.91469141879402,0.000109948261668612,0.000749612043943584,1.023966124242
"SESN1",1.02526098716135,9.28919035697322,4.89661845831156,0.000114367334913665,0.00077330471946862,0.984616040222197
"CTSH",1.08944542158324,9.53882903181447,4.89239130826632,0.000115426795656728,0.000779231480409712,0.975408880714728
"EDAR",1.32811023917918,6.6650648993544,4.86344587765992,0.00012295530061863,0.000820176933252806,0.912328538223616
"CENPA",1.09405682566277,7.12269848735351,4.85978756200928,0.000123941773022239,0.000826239694397705,0.904351825010689
"KLK6",1.90467662664546,5.79927091894844,4.85678368123868,0.000124757801297336,0.00083063970297967,0.897801367803534
"FOLR1",1.24900752376968,5.41002358543019,4.77636934770952,0.000148761268858933,0.000953782740947147,0.72221925734738
"FADS1",1.0372826376214,6.66236661291759,4.73826538222824,0.000161728016704174,0.00102063556378732,0.638876203036288
"GPAM",1.07960938215592,6.89029828559279,4.73329304700654,0.00016350288051107,0.00103061493104625,0.627993969277775
"FAM83D",1.30320377207877,9.34558644915352,4.7066020110942,0.000173374363874788,0.00108163461516377,0.569554451198725
"NKD1",1.27731894764567,6.36701276460083,4.70590949738827,0.000173638397806298,0.00108296463685984,0.568037660417497
"EZH2",1.26888977938197,8.29917210410494,4.69815471898116,0.000176623116285487,0.0010980431271934,0.551050766281656
"LINC00094",1.07277575531734,6.04322513897908,4.67821977348938,0.00018453741867427,0.001137298113728,0.507367784805882
"CDCA5",1.02689035096007,7.6220865048178,4.6502528163382,0.00019625195532176,0.00119769925398228,0.446048310756895
"PMEPA1",1.55763856844148,9.26459765791826,4.64474066199062,0.000198648507637025,0.00120920679170077,0.433957706391034
"EPB41L4A-AS1",1.4925011245677,9.50045868242566,4.63708107420029,0.000202028143211002,0.00122522705644964,0.417154250735692
"PPBP",3.51437493234825,6.02214933466781,4.63028784045402,0.000205074349084215,0.00123946610702176,0.402248910102376
"LOC101930067",1.70803794410681,4.35569481142822,4.59328749846861,0.000222503821706588,0.00132008604415839,0.321025240313877
"FTX",1.12877718331365,7.32326610605945,4.56318637696902,0.000237787666545191,0.00139546325019476,0.254899916664248
"GZMB",1.90341547826001,5.68163457526845,4.54495669599762,0.000247557293845385,0.00144379047141644,0.214834204151084
"SNHG8",1.02326918390253,9.85992499081293,4.54411364636056,0.000248018822279062,0.00144569044765237,0.212980987432702
"MRPL45",1.01854524323527,7.82297497794916,4.51778198146662,0.000262881823588933,0.00151572295540055,0.155083434205284
"TNMD",1.4071625659366,4.95250313504208,4.51724464830477,0.000263194346458087,0.00151671438993799,0.153901670549559
"WNT5A",1.31976997326432,6.67513538769982,4.50857352894136,0.000268290014748198,0.00154232362324477,0.13482963431797
"COL4A1",1.36960272006151,8.2834589358992,4.50474311826468,0.000270572719093406,0.00155376876354016,0.126403777382818
"CEL",2.36556134985635,6.46430487440665,4.44120535059941,0.000311441976932003,0.00173968074132566,-0.0134375299981588
"CMTM8",1.19302461347804,8.16921960522345,4.42798539763677,0.000320702168677267,0.00177834821417785,-0.0425500122615814
"HMMR",1.63099662142941,8.22084036701232,4.41574545069929,0.000329524197676914,0.00181780261235965,-0.0695089226101624
"APCDD1",2.08170078143461,7.21826860490405,4.41501648458388,0.000330057287203405,0.00181980071450824,-0.0711146297505234
"ZBED8",1.14019067031483,4.7169525364531,4.40577582065718,0.00033689105868984,0.00184881916025166,-0.0914704775324173
"PCNA",1.11580426810201,10.7384410492309,4.39310968980272,0.000346491267908808,0.00188937980419603,-0.119375832482531
"PTTG1",1.18090113810342,10.4363076947087,4.38486201257504,0.000352890820232643,0.00191691445553049,-0.137548884490102
"SLC38A5",1.47249150893253,7.35948766465347,4.34849240185597,0.000382567286218962,0.0020519518079017,-0.217705181019553
"KIF4A",1.24203741945042,7.54994225509533,4.33900371331783,0.000390716500739222,0.00208929406957456,-0.238622281057947
"NEU1",1.20101033747026,8.62760306386243,4.33350268998835,0.000395521056703008,0.00211027128925786,-0.250749670281577
"UCA1",1.38195421619314,7.6917227544205,4.32816907741689,0.000400236383469761,0.00212894918188959,-0.262508526601768
"GRHL3",1.17638442607138,5.08314263844762,4.32118398345584,0.000406497742835013,0.00215246462435559,-0.277909122395925
"MIPEP",1.17827740838637,8.60506311237957,4.31274036715228,0.000414198743103274,0.00218691597158072,-0.296526548390819
"PDP1",1.19305757640873,7.78052879722263,4.3089095910662,0.00041774102512353,0.00220288836199704,-0.304973452804963
"CXCL10",1.72556421073622,7.09708701556907,4.27794332415259,0.000447521597107067,0.00232765872937324,-0.373262256923688
"NCAPG",1.20038845867275,6.81120584173445,4.27660704422951,0.000448853892538948,0.00233287922332529,-0.376209389999167
"SFTA2",1.25854213659589,4.72211496391347,4.26515504956808,0.000460437129281689,0.00238030349916764,-0.401467316535701
"CCND2",1.05652674666942,7.48279397661731,4.2330537223291,0.000494539525165714,0.00252534100851224,-0.472274968600699
"ZAK",1.13960938810094,7.16125914830116,4.21042840700963,0.000520095165569214,0.0026306119523768,-0.522185029738409
"LOC105371809",1.02430027205957,8.21168089051744,4.19952970928868,0.000532876383356227,0.00268188423655583,-0.546227614576702
"MME",1.25625695933097,5.9750124672113,4.18480043885165,0.000550654251394497,0.00275185004703224,-0.578720822718838
"ZIC2",2.13183939973039,4.8718858923077,4.12291648749664,0.000632114300994406,0.00308439919745243,-0.715234143053886
"CELP",1.18921630123063,6.36214714692789,4.10684852609716,0.000655181059671859,0.00318455075078752,-0.75067560568189
"COL5A2",1.56659468904657,7.47877165569396,4.09356296149015,0.000674891603905328,0.00326842116225093,-0.77997789801774
"MMP12",2.04148308527356,8.82890068284595,4.054802135684,0.000735870913415648,0.00351183387516018,-0.8654543684641
"LMNB2",1.04378751103703,8.61159044699424,4.04042867977728,0.000759865137728908,0.00359972588267082,-0.897144864788781
"MMP10",1.34409126335833,5.05571690623966,3.99528708007328,0.000840450878962603,0.00390931715899202,-0.996644451506533
"TMEM158",1.0878854125805,7.38213177916469,3.97678795993207,0.000875903161072108,0.00402875596912219,-1.03740495170972
"OIP5",1.1941025957626,6.88860673085088,3.95432059535958,0.000920983183606376,0.00418787805884547,-1.08689558235615
"RPL22L1",1.08639130189468,10.3361717966135,3.93464125001247,0.000962375786885721,0.00434824817243932,-1.13023148281677
"DSG3",1.60108910362796,4.90604391014306,3.93019871919649,0.000971974948470444,0.00438510790668756,-1.14001253249135
"MXRA5",1.44225071522621,8.63868041106737,3.89597589117318,0.0010492089168644,0.00465673670231293,-1.21533555015508
"PSMB9",1.08371041500469,10.4151191974507,3.8756048522213,0.00109806851948631,0.00482221884464718,-1.26014876698881
"BUB1B",1.22119831059736,9.09596665429628,3.84444953583023,0.00117723212656176,0.00508494566287547,-1.32864951631902
"KRT6B",1.4598542405282,6.46438705493754,3.84300722906589,0.00118103206659443,0.00509722431335254,-1.33181956697872
"EDNRA",1.21346901720927,5.20389413786761,3.84142269823676,0.00118522084831485,0.00511115992068394,-1.33530209279348
"PLAG1",1.03869463499018,5.12827448666556,3.83684563091642,0.0011974041199507,0.00515125442661183,-1.3453609893748
"KIAA1804",1.00996191900754,8.87892730547939,3.80904375874378,0.00127414293092182,0.00541028115743698,-1.40643694169526
"CXCL11",2.06179635826735,5.03185012509839,3.78394629499537,0.00134762619330947,0.00566582911395547,-1.4615350504861
"ZNF367",1.05860800496732,7.80786310134944,3.77490722131538,0.00137511543560497,0.00575301191572387,-1.48137005314904
"WNT11",1.18002083677283,6.66989909322391,3.76526927166233,0.0014050425064973,0.00584834870937777,-1.50251369337707
"PDZK1IP1",1.20167184486503,8.68745836480858,3.76274639178783,0.00141298309878265,0.00587221990653105,-1.50804740451387
"PRAP1",1.3109172308546,7.82490485479628,3.73993727958386,0.00148683541947863,0.00613604099970457,-1.55805852508019
"PITX2",1.26629806313449,4.34457109679607,3.72691167414497,0.00153072367587898,0.00628913649161775,-1.58660282513179
"PIPOX",1.39301983705113,5.95884921991998,3.71240832230954,0.00158111142622184,0.00644025478429891,-1.61837155970483
"CEP55",1.57154186639422,8.43582217748621,3.70756997054484,0.00159828576315692,0.00648540454743364,-1.62896633675707
"CXCL5",1.16919448112369,4.63598955181114,3.68459872009659,0.00168239394677865,0.00676483078581054,-1.67924397057269
"MAP7D2",2.10700431419953,6.68177611285358,3.64614272870263,0.00183317026439064,0.00725063945427228,-1.76332123956284
"GINS1",1.57598326747877,8.58282275608079,3.63848272091988,0.00186477092815273,0.00734359504059127,-1.78005398423285
"PRC1",1.21663009172065,9.33281757716473,3.63220896197005,0.00189105564346159,0.00742883248233598,-1.79375483363919
"E2F8",1.24849182841199,7.56902044071157,3.62358855626487,0.00192777344135467,0.0075477291410686,-1.81257479826861
"CGREF1",1.03398932852402,6.42585540645474,3.60102547519102,0.00202726588166328,0.00786497923744013,-1.8618028846935
"LINC01296",1.5356359566418,4.0593303316663,3.59548387249832,0.00205247164975144,0.00794973516422185,-1.87388642220999
"RHOBTB1",1.01393603736986,6.05464175116779,3.59431313387555,0.00205783638600106,0.00796761628530022,-1.87643886663414
"TIMP1",1.00167471408663,9.98614763551457,3.58073013249342,0.0021211052406284,0.00815771407008746,-1.90604305097854
"NDC80",1.20686548102564,7.46330541862817,3.56543935491442,0.00219464059542929,0.00838451121830467,-1.93934803738039
"PCSK9",1.22142456822023,7.81581292214014,3.52218069695658,0.00241665039483612,0.00905324945729813,-2.03344204079613
"REG1B",1.40271287824926,5.37167951874122,3.5187494913726,0.00243518387677322,0.00910106709798085,-2.04089699683909
"ARSE",1.13508606124245,8.80298997289176,3.51618699607181,0.00244911681779637,0.0091435125507879,-2.04646367954264
"CENPK",1.08424146087507,7.05889748948641,3.49600460833772,0.00256164804455257,0.00949539535345027,-2.09028196577586
"CST1",1.00160210577538,4.36493747101063,3.46267046547739,0.00275881658822474,0.0101135079609673,-2.16255260402378
"PRSS33",1.12206840299281,5.68365282138375,3.44297419008877,0.00288229401934934,0.0104778938928352,-2.20519334614031
"NMU",1.36892369216736,7.48268698756152,3.41316500715242,0.0030796243580762,0.0110444383233987,-2.26963573102845
"CCNB1",1.33525677612066,9.03404550539032,3.4058045197501,0.00313036710070074,0.0111960124433884,-2.28553026772232
"MSLN",1.17412615973738,5.85899659007185,3.3673484298289,0.00340919329838414,0.0120182941703218,-2.36845596033843
"COL1A2",1.2847822559019,9.40894884238142,3.36733523035169,0.00340929308310645,0.0120182941703218,-2.36848438851678
"KIF15",1.18638505895318,7.65499933749702,3.34498762966967,0.00358242798186141,0.0124962550910033,-2.41657983656809
"GPR160",1.31698392427294,9.94717078663642,3.33222665716063,0.00368514515467008,0.0127979629299393,-2.44401111776755
"EPDR1",1.11817561998834,8.43895382646716,3.29977185560734,0.00395962063783846,0.0135631228019128,-2.51366733894488
"KIF11",1.27193154394385,7.8169507417331,3.29259070727486,0.00402301608008033,0.0137405740041101,-2.52905813502081
"QPCT",1.14592413277502,6.45028081198586,3.23111160792159,0.00460815979950162,0.0154032008112971,-2.66048263276357
"CHMP4C",1.0148869486122,10.001201777124,3.22790701614625,0.00464084938144916,0.0154826780747645,-2.66731591227681
"SACS",1.02833023583194,5.73484453617896,3.15128564278045,0.00549370389827477,0.0178016734108252,-2.83015732299033
"GPX2",1.00202650940214,9.63613992769312,3.11971410196677,0.00588809670422867,0.0188871342926757,-2.89693799644338
"RNA45S5",1.05868439375261,9.21866449771832,3.11408822092649,0.00596121924316502,0.0190699922890015,-2.90881754508094
"TMEM252",1.13842605242056,4.70698017934278,3.10710321876787,0.0060532405044968,0.0192933042237567,-2.9235582470508
"DSC3",1.02080874370073,4.31289631904532,3.07807543262588,0.00645071673484876,0.0203335527209625,-2.98471096829139
"HS6ST2",1.51610223410408,5.13861195480247,3.07480580593716,0.00649705005320193,0.0204523601955584,-2.99158823158125
"COL10A1",1.23891930033829,4.83400413084513,3.07425004494725,0.00650495780751009,0.0204712021782147,-2.99275698615718
"APOBEC1",1.23021706884977,7.67667717945689,3.06151549488053,0.00668874297197234,0.020959767038405,-3.01951976455382
"WIF1",1.94460481557227,4.79536456486473,3.04412180189617,0.00694795399739951,0.0215972668112394,-3.05601855595884
"BAMBI",1.06483805908233,7.8102109869195,2.97400607256082,0.00809544202527509,0.0243469104343878,-3.20247177254709
"RRM2",1.17845757077193,10.5410803492358,2.95929195631541,0.00835859132198398,0.0249376154317043,-3.23306241026446
"HOXC6",1.13363049009436,6.05480302404193,2.89095403899417,0.00969321372267002,0.0281812392955431,-3.37444712809965
"S100A4",1.11167619648168,9.09075286979618,2.87001434895355,0.0101418262602131,0.0292737169692747,-3.41753343131426
"NPTX2",1.65097850844691,5.52647619751941,2.85493559388394,0.0104772037460483,0.030089073049157,-3.44848892104036
"AGT",1.01024379235948,6.68584250803636,2.84015953844688,0.0108161989182924,0.0308729858966376,-3.47876418276532
"COL15A1",1.11889960539193,7.32804886015146,2.81963241226737,0.0113047028742181,0.0319420093549976,-3.5207247396263
"BNIP3",1.2308891530392,6.38070368832056,2.7807527923874,0.0122886971545349,0.0341203181716125,-3.59987919533755
"NCR3LG1",1.01286055959783,8.07677956860659,2.74895720136615,0.0131539906490548,0.0361552260722955,-3.6642889705137
"CCL20",1.13292668230584,10.8840528029266,2.74625764111088,0.0132300871648749,0.0363128384696741,-3.66974390440257
"RNF182",1.27050007124775,4.53361031561294,2.72484729929881,0.0138487149043918,0.037671172369558,-3.71292997246054
"FAM3B",1.49718972524974,5.9288643327199,2.63176828162058,0.016874012464685,0.0441794212028673,-3.89901987968652
